Workbook

Sheet Inputs
A1: ARRIVAL | H1: PLACEMENT
A2: SN | B2: DATE | C2: TRAIN ΝΟ | D2: ARRIV. ΤΙΜΕ | E2: LINE NO | F2: COMMODITY | G2: TTL LOAD | H2: DATE | I2: ENG. ΝΟ | J2: TIME | K2: OLD BUFFER | L2: NEW BUFFER
A3: 1 | E3: DN II LOOP | G3: 42BCNL+1/MT | K3: 20BCNL | L3: 22BCNL+1MT
A4: 2 | E4: DN II LOOP | G4: 42BCNL+1/MT | K4: 20BCNL | L4: 22BCNL+1MT
A5: 3 | E5: DN II LOOP | G5: 42BCNL+1/MT | K5: 20BCNL | L5: 22BCNL+1MT
A6: 4 | E6: DN II LOOP | G6: 42BCNL+1/MT | K6: 20BCNL | L6: 22BCNL+1MT
A7: 5 | E7: DN II LOOP | G7: 42BCNL+1/MT | K7: 20BCNL | L7: 22BCNL+1MT
A8: 6 | E8: DN II LOOP | G8: 42BCNL+1/MT | K8: 20BCNL | L8: 22BCNL+1MT
A9: 7 | E9: DN II LOOP | G9: 42BCNL+1/MT | K9: 20BCNL | L9: 22BCNL+1MT
A10: 8 | E10: DN II LOOP | G10: 42BCNL+1/MT | K10: 20BCNL | L10: 22BCNL+1MT
A11: 9 | E11: DN II LOOP | G11: 42BCNL+1/MT | K11: 20BCNL | L11: 22BCNL+1MT
A12: 10 | E12: DN II LOOP | G12: 42BCNL+1/MT | K12: 20BCNL | L12: 22BCNL+1MT
A13: 11 | E13: DN II LOOP | G13: 42BCNL+1/MT | K13: 20BCNL | L13: 22BCNL+1MT
A14: 12 | E14: DN II LOOP | G14: 42BCNL+1/MT | K14: 20BCNL | L14: 22BCNL+1MT
... A17: 15 | E17: DN II LOOP | G17: 42BCNL+1/MT | K17: 20BCNL | L17: 22BCNL+1MT
A19: RELEASE | E19: DRAWN OUT | I19: DESPATCH
A20: SN | B20: DATE | C20: TIME | D20: NO. OF WAGONS | E20: DATE | F20: ENG. NO | G20: TIME | H20: TTL LD | I20: DATE | J20: ENG. NO | K20: DEP. TIME | L20: TTL LD | M20: STN. TO
A21: 1 | D21: 42BCNL+1/MT | H21: 42BCNL+1/MT | L21: 42BCNL+1/MT
A22: 2 | D22: 42BCNL+1/MT | H22: 42BCNL+1/MT | L22: 42BCNL+1/MT
A23: 3 | D23: 42BCNL+1/MT | H23: 42BCNL+1/MT | L23: 42BCNL+1/MT
A24: 4 | D24: 42BCNL+1/MT | H24: 42BCNL+1/MT | L24: 42BCNL+1/MT
A25: 5 | D25: 42BCNL+1/MT | H25: 42BCNL+1/MT | L25: 42BCNL+1/MT
A26: 6 | D26: 42BCNL+1/MT | H26: 42BCNL+1/MT | L26: 42BCNL+1/MT
A27: 7 | D27: 42BCNL+1/MT | H27: 42BCNL+1/MT | L27: 42BCNL+1/MT
A28: 8 | D28: 42BCNL+1/MT | H28: 42BCNL+1/MT | L28: 42BCNL+1/MT
A29: 9 | D29: 42BCNL+1/MT | H29: 42BCNL+1/MT | L29: 42BCNL+1/MT
A30: 10 | D30: 42BCNL+1/MT | H30: 42BCNL+1/MT | L30: 42BCNL+1/MT
A31: 11 | D31: 42BCNL+1/MT | H31: 42BCNL+1/MT | L31: 42BCNL+1/MT
A32: 12 | D32: 42BCNL+1/MT | H32: 42BCNL+1/MT | L32: 42BCNL+1/MT
... A35: 15 | D35: 42BCNL+1/MT | H35: 42BCNL+1/MT | L35: 42BCNL+1/MT

Sheet Result
A1: SN | B1: DATE | C1: ARIVAL TO PLACEMENT | D1: REASON FOR DETENTION | E1: PLACEMENT TO RELEASE | F1: REASON | G1: RELEASE TO DRAWN OUT | H1: REASON FOR DETENTION
A2: 1 | B2: =IFERROR(IF(Inputs!B3<>"",IF(ISNUMBER(DATEVALUE(TEXT(Inputs!B3,"dd/mm/yyyy"))),Inputs!B3,""),""),"") | C2: =IF(AND(ISNUMBER(Inputs!B3),ISNUMBER(Inputs!D3),ISNUMBER(Inputs!H3),ISNUMBER(Inputs!J3)), TEXT(ABS(Inputs!B3+Inputs!D3-Inputs!J3-Inputs!H3),"[h]:mm"), "") | E2: =IF(AND(ISNUMBER(Inputs!H3),ISNUMBER(Inputs!J3),ISNUMBER(Inputs!B21),ISNUMBER(Inputs!C21)), TEXT(ABS(Inputs!H3+Inputs!J3-Inputs!B21-Inputs!C21),"[h]:mm"), "") | G2: =IF(AND(ISNUMBER(Inputs!B21),ISNUMBER(Inputs!C21),ISNUMBER(Inputs!E21),ISNUMBER(Inputs!G21)), TEXT(ABS(Inputs!B21+Inputs!C21-Inputs!E21-Inputs!G21),"[h]:mm"), "")
A3: 2 | B3: =IFERROR(IF(Inputs!B4<>"",IF(ISNUMBER(DATEVALUE(TEXT(Inputs!B4,"dd/mm/yyyy"))),Inputs!B4,""),""),"") | C3: =IF(AND(ISNUMBER(Inputs!B4),ISNUMBER(Inputs!D4),ISNUMBER(Inputs!H4),ISNUMBER(Inputs!J4)), TEXT(ABS(Inputs!B4+Inputs!D4-Inputs!J4-Inputs!H4),"[h]:mm"), "") | E3: =IF(AND(ISNUMBER(Inputs!H4),ISNUMBER(Inputs!J4),ISNUMBER(Inputs!B22),ISNUMBER(Inputs!C22)), TEXT(ABS(Inputs!H4+Inputs!J4-Inputs!B22-Inputs!C22),"[h]:mm"), "") | G3: =IF(AND(ISNUMBER(Inputs!B22),ISNUMBER(Inputs!C22),ISNUMBER(Inputs!E22),ISNUMBER(Inputs!G22)), TEXT(ABS(Inputs!B22+Inputs!C22-Inputs!E22-Inputs!G22),"[h]:mm"), "")
A4: 3 | B4: =IFERROR(IF(Inputs!B5<>"",IF(ISNUMBER(DATEVALUE(TEXT(Inputs!B5,"dd/mm/yyyy"))),Inputs!B5,""),""),"") | C4: =IF(AND(ISNUMBER(Inputs!B5),ISNUMBER(Inputs!D5),ISNUMBER(Inputs!H5),ISNUMBER(Inputs!J5)), TEXT(ABS(Inputs!B5+Inputs!D5-Inputs!J5-Inputs!H5),"[h]:mm"), "") | E4: =IF(AND(ISNUMBER(Inputs!H5),ISNUMBER(Inputs!J5),ISNUMBER(Inputs!B23),ISNUMBER(Inputs!C23)), TEXT(ABS(Inputs!H5+Inputs!J5-Inputs!B23-Inputs!C23),"[h]:mm"), "") | G4: =IF(AND(ISNUMBER(Inputs!B23),ISNUMBER(Inputs!C23),ISNUMBER(Inputs!E23),ISNUMBER(Inputs!G23)), TEXT(ABS(Inputs!B23+Inputs!C23-Inputs!E23-Inputs!G23),"[h]:mm"), "")
A5: 4 | B5: =IFERROR(IF(Inputs!B6<>"",IF(ISNUMBER(DATEVALUE(TEXT(Inputs!B6,"dd/mm/yyyy"))),Inputs!B6,""),""),"") | C5: =IF(AND(ISNUMBER(Inputs!B6),ISNUMBER(Inputs!D6),ISNUMBER(Inputs!H6),ISNUMBER(Inputs!J6)), TEXT(ABS(Inputs!B6+Inputs!D6-Inputs!J6-Inputs!H6),"[h]:mm"), "") | E5: =IF(AND(ISNUMBER(Inputs!H6),ISNUMBER(Inputs!J6),ISNUMBER(Inputs!B24),ISNUMBER(Inputs!C24)), TEXT(ABS(Inputs!H6+Inputs!J6-Inputs!B24-Inputs!C24),"[h]:mm"), "") | G5: =IF(AND(ISNUMBER(Inputs!B24),ISNUMBER(Inputs!C24),ISNUMBER(Inputs!E24),ISNUMBER(Inputs!G24)), TEXT(ABS(Inputs!B24+Inputs!C24-Inputs!E24-Inputs!G24),"[h]:mm"), "")
A6: 5 | B6: =IFERROR(IF(Inputs!B7<>"",IF(ISNUMBER(DATEVALUE(TEXT(Inputs!B7,"dd/mm/yyyy"))),Inputs!B7,""),""),"") | C6: =IF(AND(ISNUMBER(Inputs!B7),ISNUMBER(Inputs!D7),ISNUMBER(Inputs!H7),ISNUMBER(Inputs!J7)), TEXT(ABS(Inputs!B7+Inputs!D7-Inputs!J7-Inputs!H7),"[h]:mm"), "") | E6: =IF(AND(ISNUMBER(Inputs!H7),ISNUMBER(Inputs!J7),ISNUMBER(Inputs!B25),ISNUMBER(Inputs!C25)), TEXT(ABS(Inputs!H7+Inputs!J7-Inputs!B25-Inputs!C25),"[h]:mm"), "") | G6: =IF(AND(ISNUMBER(Inputs!B25),ISNUMBER(Inputs!C25),ISNUMBER(Inputs!E25),ISNUMBER(Inputs!G25)), TEXT(ABS(Inputs!B25+Inputs!C25-Inputs!E25-Inputs!G25),"[h]:mm"), "")
A7: 6 | B7: =IFERROR(IF(Inputs!B8<>"",IF(ISNUMBER(DATEVALUE(TEXT(Inputs!B8,"dd/mm/yyyy"))),Inputs!B8,""),""),"") | C7: =IF(AND(ISNUMBER(Inputs!B8),ISNUMBER(Inputs!D8),ISNUMBER(Inputs!H8),ISNUMBER(Inputs!J8)), TEXT(ABS(Inputs!B8+Inputs!D8-Inputs!J8-Inputs!H8),"[h]:mm"), "") | E7: =IF(AND(ISNUMBER(Inputs!H8),ISNUMBER(Inputs!J8),ISNUMBER(Inputs!B26),ISNUMBER(Inputs!C26)), TEXT(ABS(Inputs!H8+Inputs!J8-Inputs!B26-Inputs!C26),"[h]:mm"), "") | G7: =IF(AND(ISNUMBER(Inputs!B26),ISNUMBER(Inputs!C26),ISNUMBER(Inputs!E26),ISNUMBER(Inputs!G26)), TEXT(ABS(Inputs!B26+Inputs!C26-Inputs!E26-Inputs!G26),"[h]:mm"), "")
A8: 7 | B8: =IFERROR(IF(Inputs!B9<>"",IF(ISNUMBER(DATEVALUE(TEXT(Inputs!B9,"dd/mm/yyyy"))),Inputs!B9,""),""),"") | C8: =IF(AND(ISNUMBER(Inputs!B9),ISNUMBER(Inputs!D9),ISNUMBER(Inputs!H9),ISNUMBER(Inputs!J9)), TEXT(ABS(Inputs!B9+Inputs!D9-Inputs!J9-Inputs!H9),"[h]:mm"), "") | E8: =IF(AND(ISNUMBER(Inputs!H9),ISNUMBER(Inputs!J9),ISNUMBER(Inputs!B27),ISNUMBER(Inputs!C27)), TEXT(ABS(Inputs!H9+Inputs!J9-Inputs!B27-Inputs!C27),"[h]:mm"), "") | G8: =IF(AND(ISNUMBER(Inputs!B27),ISNUMBER(Inputs!C27),ISNUMBER(Inputs!E27),ISNUMBER(Inputs!G27)), TEXT(ABS(Inputs!B27+Inputs!C27-Inputs!E27-Inputs!G27),"[h]:mm"), "")
A9: 8 | B9: =IFERROR(IF(Inputs!B10<>"",IF(ISNUMBER(DATEVALUE(TEXT(Inputs!B10,"dd/mm/yyyy"))),Inputs!B10,""),""),"") | C9: =IF(AND(ISNUMBER(Inputs!B10),ISNUMBER(Inputs!D10),ISNUMBER(Inputs!H10),ISNUMBER(Inputs!J10)), TEXT(ABS(Inputs!B10+Inputs!D10-Inputs!J10-Inputs!H10),"[h]:mm"), "") | E9: =IF(AND(ISNUMBER(Inputs!H10),ISNUMBER(Inputs!J10),ISNUMBER(Inputs!B28),ISNUMBER(Inputs!C28)), TEXT(ABS(Inputs!H10+Inputs!J10-Inputs!B28-Inputs!C28),"[h]:mm"), "") | G9: =IF(AND(ISNUMBER(Inputs!B28),ISNUMBER(Inputs!C28),ISNUMBER(Inputs!E28),ISNUMBER(Inputs!G28)), TEXT(ABS(Inputs!B28+Inputs!C28-Inputs!E28-Inputs!G28),"[h]:mm"), "")
A10: 9 | B10: =IFERROR(IF(Inputs!B11<>"",IF(ISNUMBER(DATEVALUE(TEXT(Inputs!B11,"dd/mm/yyyy"))),Inputs!B11,""),""),"") | C10: =IF(AND(ISNUMBER(Inputs!B11),ISNUMBER(Inputs!D11),ISNUMBER(Inputs!H11),ISNUMBER(Inputs!J11)), TEXT(ABS(Inputs!B11+Inputs!D11-Inputs!J11-Inputs!H11),"[h]:mm"), "") | E10: =IF(AND(ISNUMBER(Inputs!H11),ISNUMBER(Inputs!J11),ISNUMBER(Inputs!B29),ISNUMBER(Inputs!C29)), TEXT(ABS(Inputs!H11+Inputs!J11-Inputs!B29-Inputs!C29),"[h]:mm"), "") | G10: =IF(AND(ISNUMBER(Inputs!B29),ISNUMBER(Inputs!C29),ISNUMBER(Inputs!E29),ISNUMBER(Inputs!G29)), TEXT(ABS(Inputs!B29+Inputs!C29-Inputs!E29-Inputs!G29),"[h]:mm"), "")
A11: 10 | B11: =IFERROR(IF(Inputs!B12<>"",IF(ISNUMBER(DATEVALUE(TEXT(Inputs!B12,"dd/mm/yyyy"))),Inputs!B12,""),""),"") | C11: =IF(AND(ISNUMBER(Inputs!B12),ISNUMBER(Inputs!D12),ISNUMBER(Inputs!H12),ISNUMBER(Inputs!J12)), TEXT(ABS(Inputs!B12+Inputs!D12-Inputs!J12-Inputs!H12),"[h]:mm"), "") | E11: =IF(AND(ISNUMBER(Inputs!H12),ISNUMBER(Inputs!J12),ISNUMBER(Inputs!B30),ISNUMBER(Inputs!C30)), TEXT(ABS(Inputs!H12+Inputs!J12-Inputs!B30-Inputs!C30),"[h]:mm"), "") | G11: =IF(AND(ISNUMBER(Inputs!B30),ISNUMBER(Inputs!C30),ISNUMBER(Inputs!E30),ISNUMBER(Inputs!G30)), TEXT(ABS(Inputs!B30+Inputs!C30-Inputs!E30-Inputs!G30),"[h]:mm"), "")
A12: 11 | B12: =IFERROR(IF(Inputs!B13<>"",IF(ISNUMBER(DATEVALUE(TEXT(Inputs!B13,"dd/mm/yyyy"))),Inputs!B13,""),""),"") | C12: =IF(AND(ISNUMBER(Inputs!B13),ISNUMBER(Inputs!D13),ISNUMBER(Inputs!H13),ISNUMBER(Inputs!J13)), TEXT(ABS(Inputs!B13+Inputs!D13-Inputs!J13-Inputs!H13),"[h]:mm"), "") | E12: =IF(AND(ISNUMBER(Inputs!H13),ISNUMBER(Inputs!J13),ISNUMBER(Inputs!B31),ISNUMBER(Inputs!C31)), TEXT(ABS(Inputs!H13+Inputs!J13-Inputs!B31-Inputs!C31),"[h]:mm"), "") | G12: =IF(AND(ISNUMBER(Inputs!B31),ISNUMBER(Inputs!C31),ISNUMBER(Inputs!E31),ISNUMBER(Inputs!G31)), TEXT(ABS(Inputs!B31+Inputs!C31-Inputs!E31-Inputs!G31),"[h]:mm"), "")
A13: 12 | B13: =IFERROR(IF(Inputs!B14<>"",IF(ISNUMBER(DATEVALUE(TEXT(Inputs!B14,"dd/mm/yyyy"))),Inputs!B14,""),""),"") | C13: =IF(AND(ISNUMBER(Inputs!B14),ISNUMBER(Inputs!D14),ISNUMBER(Inputs!H14),ISNUMBER(Inputs!J14)), TEXT(ABS(Inputs!B14+Inputs!D14-Inputs!J14-Inputs!H14),"[h]:mm"), "") | E13: =IF(AND(ISNUMBER(Inputs!H14),ISNUMBER(Inputs!J14),ISNUMBER(Inputs!B32),ISNUMBER(Inputs!C32)), TEXT(ABS(Inputs!H14+Inputs!J14-Inputs!B32-Inputs!C32),"[h]:mm"), "") | G13: =IF(AND(ISNUMBER(Inputs!B32),ISNUMBER(Inputs!C32),ISNUMBER(Inputs!E32),ISNUMBER(Inputs!G32)), TEXT(ABS(Inputs!B32+Inputs!C32-Inputs!E32-Inputs!G32),"[h]:mm"), "")
... A16: 15 | B16: =IFERROR(IF(Inputs!B17<>"",IF(ISNUMBER(DATEVALUE(TEXT(Inputs!B17,"dd/mm/yyyy"))),Inputs!B17,""),""),"") | C16: =IF(AND(ISNUMBER(Inputs!B17),ISNUMBER(Inputs!D17),ISNUMBER(Inputs!H17),ISNUMBER(Inputs!J17)), TEXT(ABS(Inputs!B17+Inputs!D17-Inputs!J17-Inputs!H17),"[h]:mm"), "") | E16: =IF(AND(ISNUMBER(Inputs!H17),ISNUMBER(Inputs!J17),ISNUMBER(Inputs!B35),ISNUMBER(Inputs!C35)), TEXT(ABS(Inputs!H17+Inputs!J17-Inputs!B35-Inputs!C35),"[h]:mm"), "") | G16: =IF(AND(ISNUMBER(Inputs!B35),ISNUMBER(Inputs!C35),ISNUMBER(Inputs!E35),ISNUMBER(Inputs!G35)), TEXT(ABS(Inputs!B35+Inputs!C35-Inputs!E35-Inputs!G35),"[h]:mm"), "")
A17: TOTAL | C17: {=IF(SUM(IFERROR(--C2:C16,0))=0,"",TEXT(SUM(IFERROR(--C2:C16,0)),"[h]:mm"))} | E17: {=IF(SUM(IFERROR(--E2:E16,0))=0,"",TEXT(SUM(IFERROR(--E2:E16,0)),"[h]:mm"))} | G17: {=IF(SUM(IFERROR(--G2:G16,0))=0,"",TEXT(SUM(IFERROR(--G2:G16,0)),"[h]:mm"))}
A18: AVERAGE | C18: {=IF(COUNTA(C2:C16)=0,"",IFERROR(IF(SUM(IFERROR(VALUE(C2:C16),0))/SUMPRODUCT(--(ISNUMBER(IFERROR(VALUE(C2:C16),""))),--(C2:C16<>""))=0,"",TEXT(SUM(IFERROR(VALUE(C2:C16),0))/SUMPRODUCT(--(ISNUMBER(IFERROR(VALUE(C2:C16),""))),--(C2:C16<>"")),"[h]:mm")),""))} | E18: {=IF(COUNTA(E2:E16)=0,"",IFERROR(IF(SUM(IFERROR(VALUE(E2:E16),0))/SUMPRODUCT(--(ISNUMBER(IFERROR(VALUE(E2:E16),""))),--(E2:E16<>""))=0,"",TEXT(SUM(IFERROR(VALUE(E2:E16),0))/SUMPRODUCT(--(ISNUMBER(IFERROR(VALUE(E2:E16),""))),--(E2:E16<>"")),"[h]:mm")),""))} | G18: {=IF(COUNTA(G2:G16)=0,"",IFERROR(IF(SUM(IFERROR(VALUE(G2:G16),0))/SUMPRODUCT(--(ISNUMBER(IFERROR(VALUE(G2:G16),""))),--(G2:G16<>""))=0,"",TEXT(SUM(IFERROR(VALUE(G2:G16),0))/SUMPRODUCT(--(ISNUMBER(IFERROR(VALUE(G2:G16),""))),--(G2:G16<>"")),"[h]:mm")),""))}
A20: SN | B20: DRAWNOUT TO DESPATCH | C20: REASON FOR DETENTION | D20: RELEASE TO DESPATCH | E20: TOTAL DETENTION | F20: TOTAL RAKE | G20: COMMODITY | H20: WAGONS | I20: SUMMARY
A21: 1 | B21: =IF(AND(ISNUMBER(Inputs!E21),ISNUMBER(Inputs!G21),ISNUMBER(Inputs!I21),ISNUMBER(Inputs!K21)), TEXT(ABS(Inputs!E21+Inputs!G21-Inputs!I21-Inputs!K21),"[h]:mm"), "") | D21: =IF(AND(ISNUMBER(Inputs!B21),ISNUMBER(Inputs!C21),ISNUMBER(Inputs!I21),ISNUMBER(Inputs!K21)), TEXT(ABS(Inputs!B21+Inputs!C21-Inputs!I21-Inputs!K21),"[h]:mm"), "") | E21: =IF(AND(ISNUMBER(Inputs!B3),ISNUMBER(Inputs!D3),ISNUMBER(Inputs!I21),ISNUMBER(Inputs!K21)), TEXT(ABS(Inputs!B3+Inputs!D3-Inputs!I21-Inputs!K21),"[h]:mm"), "") | I21: TOTAL RAKE=
A22: 2 | B22: =IF(AND(ISNUMBER(Inputs!E22),ISNUMBER(Inputs!G22),ISNUMBER(Inputs!I22),ISNUMBER(Inputs!K22)), TEXT(ABS(Inputs!E22+Inputs!G22-Inputs!I22-Inputs!K22),"[h]:mm"), "") | D22: =IF(AND(ISNUMBER(Inputs!B22),ISNUMBER(Inputs!C22),ISNUMBER(Inputs!I22),ISNUMBER(Inputs!K22)), TEXT(ABS(Inputs!B22+Inputs!C22-Inputs!I22-Inputs!K22),"[h]:mm"), "") | E22: =IF(AND(ISNUMBER(Inputs!B4),ISNUMBER(Inputs!D4),ISNUMBER(Inputs!I22),ISNUMBER(Inputs!K22)), TEXT(ABS(Inputs!B4+Inputs!D4-Inputs!I22-Inputs!K22),"[h]:mm"), "")
A23: 3 | B23: =IF(AND(ISNUMBER(Inputs!E23),ISNUMBER(Inputs!G23),ISNUMBER(Inputs!I23),ISNUMBER(Inputs!K23)), TEXT(ABS(Inputs!E23+Inputs!G23-Inputs!I23-Inputs!K23),"[h]:mm"), "") | D23: =IF(AND(ISNUMBER(Inputs!B23),ISNUMBER(Inputs!C23),ISNUMBER(Inputs!I23),ISNUMBER(Inputs!K23)), TEXT(ABS(Inputs!B23+Inputs!C23-Inputs!I23-Inputs!K23),"[h]:mm"), "") | E23: =IF(AND(ISNUMBER(Inputs!B5),ISNUMBER(Inputs!D5),ISNUMBER(Inputs!I23),ISNUMBER(Inputs!K23)), TEXT(ABS(Inputs!B5+Inputs!D5-Inputs!I23-Inputs!K23),"[h]:mm"), "") | I23: TOTAL WAGON=
A24: 4 | B24: =IF(AND(ISNUMBER(Inputs!E24),ISNUMBER(Inputs!G24),ISNUMBER(Inputs!I24),ISNUMBER(Inputs!K24)), TEXT(ABS(Inputs!E24+Inputs!G24-Inputs!I24-Inputs!K24),"[h]:mm"), "") | D24: =IF(AND(ISNUMBER(Inputs!B24),ISNUMBER(Inputs!C24),ISNUMBER(Inputs!I24),ISNUMBER(Inputs!K24)), TEXT(ABS(Inputs!B24+Inputs!C24-Inputs!I24-Inputs!K24),"[h]:mm"), "") | E24: =IF(AND(ISNUMBER(Inputs!B6),ISNUMBER(Inputs!D6),ISNUMBER(Inputs!I24),ISNUMBER(Inputs!K24)), TEXT(ABS(Inputs!B6+Inputs!D6-Inputs!I24-Inputs!K24),"[h]:mm"), "") | I24: COMMODITY/
A25: 5 | B25: =IF(AND(ISNUMBER(Inputs!E25),ISNUMBER(Inputs!G25),ISNUMBER(Inputs!I25),ISNUMBER(Inputs!K25)), TEXT(ABS(Inputs!E25+Inputs!G25-Inputs!I25-Inputs!K25),"[h]:mm"), "") | D25: =IF(AND(ISNUMBER(Inputs!B25),ISNUMBER(Inputs!C25),ISNUMBER(Inputs!I25),ISNUMBER(Inputs!K25)), TEXT(ABS(Inputs!B25+Inputs!C25-Inputs!I25-Inputs!K25),"[h]:mm"), "") | E25: =IF(AND(ISNUMBER(Inputs!B7),ISNUMBER(Inputs!D7),ISNUMBER(Inputs!I25),ISNUMBER(Inputs!K25)), TEXT(ABS(Inputs!B7+Inputs!D7-Inputs!I25-Inputs!K25),"[h]:mm"), "") | I25: 01) FERTILISER
A26: 6 | B26: =IF(AND(ISNUMBER(Inputs!E26),ISNUMBER(Inputs!G26),ISNUMBER(Inputs!I26),ISNUMBER(Inputs!K26)), TEXT(ABS(Inputs!E26+Inputs!G26-Inputs!I26-Inputs!K26),"[h]:mm"), "") | D26: =IF(AND(ISNUMBER(Inputs!B26),ISNUMBER(Inputs!C26),ISNUMBER(Inputs!I26),ISNUMBER(Inputs!K26)), TEXT(ABS(Inputs!B26+Inputs!C26-Inputs!I26-Inputs!K26),"[h]:mm"), "") | E26: =IF(AND(ISNUMBER(Inputs!B8),ISNUMBER(Inputs!D8),ISNUMBER(Inputs!I26),ISNUMBER(Inputs!K26)), TEXT(ABS(Inputs!B8+Inputs!D8-Inputs!I26-Inputs!K26),"[h]:mm"), "") | I26: 02) CEMENT=
A27: 7 | B27: =IF(AND(ISNUMBER(Inputs!E27),ISNUMBER(Inputs!G27),ISNUMBER(Inputs!I27),ISNUMBER(Inputs!K27)), TEXT(ABS(Inputs!E27+Inputs!G27-Inputs!I27-Inputs!K27),"[h]:mm"), "") | D27: =IF(AND(ISNUMBER(Inputs!B27),ISNUMBER(Inputs!C27),ISNUMBER(Inputs!I27),ISNUMBER(Inputs!K27)), TEXT(ABS(Inputs!B27+Inputs!C27-Inputs!I27-Inputs!K27),"[h]:mm"), "") | E27: =IF(AND(ISNUMBER(Inputs!B9),ISNUMBER(Inputs!D9),ISNUMBER(Inputs!I27),ISNUMBER(Inputs!K27)), TEXT(ABS(Inputs!B9+Inputs!D9-Inputs!I27-Inputs!K27),"[h]:mm"), "") | I27: 03) DOC=
A28: 8 | B28: =IF(AND(ISNUMBER(Inputs!E28),ISNUMBER(Inputs!G28),ISNUMBER(Inputs!I28),ISNUMBER(Inputs!K28)), TEXT(ABS(Inputs!E28+Inputs!G28-Inputs!I28-Inputs!K28),"[h]:mm"), "") | D28: =IF(AND(ISNUMBER(Inputs!B28),ISNUMBER(Inputs!C28),ISNUMBER(Inputs!I28),ISNUMBER(Inputs!K28)), TEXT(ABS(Inputs!B28+Inputs!C28-Inputs!I28-Inputs!K28),"[h]:mm"), "") | E28: =IF(AND(ISNUMBER(Inputs!B10),ISNUMBER(Inputs!D10),ISNUMBER(Inputs!I28),ISNUMBER(Inputs!K28)), TEXT(ABS(Inputs!B10+Inputs!D10-Inputs!I28-Inputs!K28),"[h]:mm"), "") | I28: 04) MAIZE=
A29: 9 | B29: =IF(AND(ISNUMBER(Inputs!E29),ISNUMBER(Inputs!G29),ISNUMBER(Inputs!I29),ISNUMBER(Inputs!K29)), TEXT(ABS(Inputs!E29+Inputs!G29-Inputs!I29-Inputs!K29),"[h]:mm"), "") | D29: =IF(AND(ISNUMBER(Inputs!B29),ISNUMBER(Inputs!C29),ISNUMBER(Inputs!I29),ISNUMBER(Inputs!K29)), TEXT(ABS(Inputs!B29+Inputs!C29-Inputs!I29-Inputs!K29),"[h]:mm"), "") | E29: =IF(AND(ISNUMBER(Inputs!B11),ISNUMBER(Inputs!D11),ISNUMBER(Inputs!I29),ISNUMBER(Inputs!K29)), TEXT(ABS(Inputs!B11+Inputs!D11-Inputs!I29-Inputs!K29),"[h]:mm"), "") | I29: 05) M/OIL=
A30: 10 | B30: =IF(AND(ISNUMBER(Inputs!E30),ISNUMBER(Inputs!G30),ISNUMBER(Inputs!I30),ISNUMBER(Inputs!K30)), TEXT(ABS(Inputs!E30+Inputs!G30-Inputs!I30-Inputs!K30),"[h]:mm"), "") | D30: =IF(AND(ISNUMBER(Inputs!B30),ISNUMBER(Inputs!C30),ISNUMBER(Inputs!I30),ISNUMBER(Inputs!K30)), TEXT(ABS(Inputs!B30+Inputs!C30-Inputs!I30-Inputs!K30),"[h]:mm"), "") | E30: =IF(AND(ISNUMBER(Inputs!B12),ISNUMBER(Inputs!D12),ISNUMBER(Inputs!I30),ISNUMBER(Inputs!K30)), TEXT(ABS(Inputs!B12+Inputs!D12-Inputs!I30-Inputs!K30),"[h]:mm"), "")
A31: 11 | B31: =IF(AND(ISNUMBER(Inputs!E31),ISNUMBER(Inputs!G31),ISNUMBER(Inputs!I31),ISNUMBER(Inputs!K31)), TEXT(ABS(Inputs!E31+Inputs!G31-Inputs!I31-Inputs!K31),"[h]:mm"), "") | D31: =IF(AND(ISNUMBER(Inputs!B31),ISNUMBER(Inputs!C31),ISNUMBER(Inputs!I31),ISNUMBER(Inputs!K31)), TEXT(ABS(Inputs!B31+Inputs!C31-Inputs!I31-Inputs!K31),"[h]:mm"), "") | E31: =IF(AND(ISNUMBER(Inputs!B13),ISNUMBER(Inputs!D13),ISNUMBER(Inputs!I31),ISNUMBER(Inputs!K31)), TEXT(ABS(Inputs!B13+Inputs!D13-Inputs!I31-Inputs!K31),"[h]:mm"), "")
A32: 12 | B32: =IF(AND(ISNUMBER(Inputs!E32),ISNUMBER(Inputs!G32),ISNUMBER(Inputs!I32),ISNUMBER(Inputs!K32)), TEXT(ABS(Inputs!E32+Inputs!G32-Inputs!I32-Inputs!K32),"[h]:mm"), "") | D32: =IF(AND(ISNUMBER(Inputs!B32),ISNUMBER(Inputs!C32),ISNUMBER(Inputs!I32),ISNUMBER(Inputs!K32)), TEXT(ABS(Inputs!B32+Inputs!C32-Inputs!I32-Inputs!K32),"[h]:mm"), "") | E32: =IF(AND(ISNUMBER(Inputs!B14),ISNUMBER(Inputs!D14),ISNUMBER(Inputs!I32),ISNUMBER(Inputs!K32)), TEXT(ABS(Inputs!B14+Inputs!D14-Inputs!I32-Inputs!K32),"[h]:mm"), "")
A33: 13 | B33: =IF(AND(ISNUMBER(Inputs!E33),ISNUMBER(Inputs!G33),ISNUMBER(Inputs!I33),ISNUMBER(Inputs!K33)), TEXT(ABS(Inputs!E33+Inputs!G33-Inputs!I33-Inputs!K33),"[h]:mm"), "") | D33: =IF(AND(ISNUMBER(Inputs!B33),ISNUMBER(Inputs!C33),ISNUMBER(Inputs!I33),ISNUMBER(Inputs!K33)), TEXT(ABS(Inputs!B33+Inputs!C33-Inputs!I33-Inputs!K33),"[h]:mm"), "") | E33: =IF(AND(ISNUMBER(Inputs!B15),ISNUMBER(Inputs!D15),ISNUMBER(Inputs!I33),ISNUMBER(Inputs!K33)), TEXT(ABS(Inputs!B15+Inputs!D15-Inputs!I33-Inputs!K33),"[h]:mm"), "")
A34: 14 | B34: =IF(AND(ISNUMBER(Inputs!E34),ISNUMBER(Inputs!G34),ISNUMBER(Inputs!I34),ISNUMBER(Inputs!K34)), TEXT(ABS(Inputs!E34+Inputs!G34-Inputs!I34-Inputs!K34),"[h]:mm"), "") | D34: =IF(AND(ISNUMBER(Inputs!B34),ISNUMBER(Inputs!C34),ISNUMBER(Inputs!I34),ISNUMBER(Inputs!K34)), TEXT(ABS(Inputs!B34+Inputs!C34-Inputs!I34-Inputs!K34),"[h]:mm"), "") | E34: =IF(AND(ISNUMBER(Inputs!B16),ISNUMBER(Inputs!D16),ISNUMBER(Inputs!I34),ISNUMBER(Inputs!K34)), TEXT(ABS(Inputs!B16+Inputs!D16-Inputs!I34-Inputs!K34),"[h]:mm"), "")
A35: 15 | B35: =IF(AND(ISNUMBER(Inputs!E35),ISNUMBER(Inputs!G35),ISNUMBER(Inputs!I35),ISNUMBER(Inputs!K35)), TEXT(ABS(Inputs!E35+Inputs!G35-Inputs!I35-Inputs!K35),"[h]:mm"), "") | D35: =IF(AND(ISNUMBER(Inputs!B35),ISNUMBER(Inputs!C35),ISNUMBER(Inputs!I35),ISNUMBER(Inputs!K35)), TEXT(ABS(Inputs!B35+Inputs!C35-Inputs!I35-Inputs!K35),"[h]:mm"), "") | E35: =IF(AND(ISNUMBER(Inputs!B17),ISNUMBER(Inputs!D17),ISNUMBER(Inputs!I35),ISNUMBER(Inputs!K35)), TEXT(ABS(Inputs!B17+Inputs!D17-Inputs!I35-Inputs!K35),"[h]:mm"), "")
A36: TOTAL | B36: {=IF(SUM(IFERROR(--B21:B35,0))=0,"",TEXT(SUM(IFERROR(--B21:B35,0)),"[h]:mm"))} | D36: {=IF(SUM(IFERROR(--D21:D35,0))=0,"",TEXT(SUM(IFERROR(--D21:D35,0)),"[h]:mm"))} | E36: {=IF(SUM(IFERROR(--E21:E35,0))=0,"",TEXT(SUM(IFERROR(--E21:E35,0)),"[h]:mm"))}
A37: AVERAGE | B37: {=IF(COUNTA(B21:B35)=0,"",IFERROR(IF(SUM(IFERROR(VALUE(B21:B35),0))/SUMPRODUCT(--(ISNUMBER(IFERROR(VALUE(B21:B35),""))),--(B21:B35<>""))=0,"",TEXT(SUM(IFERROR(VALUE(B21:B35),0))/SUMPRODUCT(--(ISNUMBER(IFERROR(VALUE(B21:B35),""))),--(B21:B35<>"")),"[h]:mm")),""))} | D37: {=IF(COUNTA(D21:D35)=0,"",IFERROR(IF(SUM(IFERROR(VALUE(D21:D35),0))/SUMPRODUCT(--(ISNUMBER(IFERROR(VALUE(D21:D35),""))),--(D21:D35<>""))=0,"",TEXT(SUM(IFERROR(VALUE(D21:D35),0))/SUMPRODUCT(--(ISNUMBER(IFERROR(VALUE(D21:D35),""))),--(D21:D35<>"")),"[h]:mm")),""))} | E37: {=IF(COUNTA(E21:E35)=0,"",IFERROR(IF(SUM(IFERROR(VALUE(E21:E35),0))/SUMPRODUCT(--(ISNUMBER(IFERROR(VALUE(E21:E35),""))),--(E21:E35<>""))=0,"",TEXT(SUM(IFERROR(VALUE(E21:E35),0))/SUMPRODUCT(--(ISNUMBER(IFERROR(VALUE(E21:E35),""))),--(E21:E35<>"")),"[h]:mm")),""))}
